{
    "posCtrlPoint": {
        "pos": [
            [
                0.0,
                0.0,
                0.0
            ],
            [
                3.2100000381469727,
                0.0,
                0.0
            ],
            [
                4.570000171661377,
                0.550000011920929,
                0.46000000834465027
            ],
            [
                5.269999980926514,
                1.159999966621399,
                3.2799999713897705
            ]
        ]
    },
    "rotCtrlPoint": {
        "posOnLine": [
            -0.0
        ],
        "rotate": [
            [
                0.0,
                1.5700000524520874,
                0.0
            ]
        ]
    }
}