{
    "attackCamera2": {
        "rotate": [
            [
                1.0399999618530273,
                0.0,
                0.0
            ]
        ],
        "translate": [
            [
                0.0,
                370.0,
                -231.49000549316406
            ]
        ]
    }
}