{
    "attack3": {
        "attackPower": [
            1.0
        ],
        "cooldown": [
            25.190000534057617
        ],
        "numShotsPerPhase": [
            0.0
        ],
        "speed": [
            0.30000001192092896
        ]
    }
}