{
    "attack4": {
        "ArmGrowthToSpinDelay": [
            90.0
        ],
        "AttackPower": [
            0.5
        ],
        "MaxRotateSpeed": [
            1.0
        ],
        "MinRotateSpeed": [
            0.009999999776482582
        ],
        "SpinTime": [
            270.0
        ],
        "StoppingTime": [
            20.0
        ],
        "cooldownTime": [
            260.0
        ],
        "speed": [
            0.2800000011920929
        ]
    }
}