{
    "attack3": {
        "MaxPosY": [
            10.0
        ],
        "MaxYTime": [
            20.0
        ],
        "MinPosY": [
            0.0
        ],
        "MinYTime": [
            20.0
        ],
        "attackPower": [
            1.0
        ],
        "cooldown": [
            25.190000534057617
        ],
        "numShotsPerPhase": [
            4.590373509435236e-41
        ],
        "speed": [
            0.30000001192092896
        ]
    }
}