{
    "attack3": {
        "attackPower": [
            1.0
        ],
        "cooldown": [
            20.0
        ],
        "numShotsPerPhase": [
            5.605193857299268e-45
        ],
        "speed": [
            0.30000001192092896
        ]
    }
}