{
    "attack3": {
        "attackPower": [
            1.0
        ],
        "cooldown": [
            20.0
        ],
        "numShotsPerPhase": [
            2.1579996350602183e-43
        ],
        "speed": [
            0.30000001192092896
        ]
    }
}