{
    "enemyFloating0": {
        "acceleration_max": [
            [
                0.0,
                0.0,
                0.0
            ]
        ],
        "acceleration_min": [
            [
                0.0,
                0.0,
                0.0
            ]
        ],
        "color_max": [
            [
                1.0,
                1.0,
                1.0,
                1.0
            ]
        ],
        "color_min": [
            [
                1.0,
                1.0,
                1.0,
                1.0
            ]
        ],
        "countPerEmit": [
            3
        ],
        "direction_max": [
            [
                0.0,
                0.0,
                0.0
            ]
        ],
        "direction_min": [
            [
                0.0,
                0.0,
                0.0
            ]
        ],
        "emitPerSec": [
            1
        ],
        "lifeTime_max": [
            1.0
        ],
        "lifeTime_min": [
            1.0
        ],
        "maxParticles": [
            50
        ],
        "offset": [
            [
                0.10000000149011612,
                0.0,
                -3.1500000953674316
            ]
        ],
        "position": [
            [
                0.10000000149011612,
                0.15428900718688965,
                -3.1500000953674316
            ]
        ],
        "radius": [
            0.699999988079071
        ],
        "randomColor": [
            0
        ],
        "rotate": [
            [
                0.0,
                0.0,
                0.0
            ]
        ],
        "rotate_max": [
            [
                0.0,
                0.0,
                0.0
            ]
        ],
        "rotate_min": [
            [
                0.0,
                0.0,
                0.0
            ]
        ],
        "shape": [
            1
        ],
        "size": [
            [
                0.0,
                0.0,
                0.0
            ]
        ],
        "size_max": [
            [
                1.0,
                1.0,
                1.0
            ]
        ],
        "size_min": [
            [
                1.0,
                1.0,
                1.0
            ]
        ],
        "spped_max": [
            1.0
        ],
        "spped_min": [
            1.0
        ]
    }
}