{
    "enemyFloating2": {
        "acceleration_max": [
            [
                0.0,
                0.0,
                0.0
            ]
        ],
        "acceleration_min": [
            [
                0.0,
                0.0,
                0.0
            ]
        ],
        "color_max": [
            [
                1.0,
                1.0,
                1.0,
                1.0
            ]
        ],
        "color_min": [
            [
                1.0,
                1.0,
                1.0,
                1.0
            ]
        ],
        "countPerEmit": [
            3
        ],
        "direction_max": [
            [
                0.0,
                0.0,
                0.0
            ]
        ],
        "direction_min": [
            [
                0.0,
                0.0,
                0.0
            ]
        ],
        "emitPerSec": [
            1
        ],
        "lifeTime_max": [
            1.0
        ],
        "lifeTime_min": [
            1.0
        ],
        "maxParticles": [
            50
        ],
        "offset": [
            [
                -3.2899999618530273,
                0.0,
                1.3899999856948853
            ]
        ],
        "position": [
            [
                -3.2899999618530273,
                -0.4194575548171997,
                1.3899999856948853
            ]
        ],
        "radius": [
            0.699999988079071
        ],
        "randomColor": [
            0
        ],
        "rotate": [
            [
                0.0,
                0.0,
                0.0
            ]
        ],
        "rotate_max": [
            [
                0.0,
                0.0,
                0.0
            ]
        ],
        "rotate_min": [
            [
                0.0,
                0.0,
                0.0
            ]
        ],
        "shape": [
            1
        ],
        "size": [
            [
                0.0,
                0.0,
                0.0
            ]
        ],
        "size_max": [
            [
                1.0,
                1.0,
                1.0
            ]
        ],
        "size_min": [
            [
                1.0,
                1.0,
                1.0
            ]
        ],
        "spped_max": [
            1.0
        ],
        "spped_min": [
            0.0
        ]
    }
}