{
    "enemy": {
        "MaxHp": [
            300
        ],
        "damageCoolTimeMax": [
            0.30000001192092896
        ],
        "defaultColor": [
            [
                1.0,
                1.0,
                1.0,
                1.0
            ]
        ],
        "hitColor": [
            [
                1.0,
                0.5196078419685364,
                0.5196078419685364,
                1.0
            ]
        ],
        "hitColorMaxTime": [
            0.30000001192092896
        ],
        "transform": [
            [
                -2.916377544403076,
                0.4829600751399994,
                -8.106834411621094
            ]
        ]
    }
}