{
    "enemyFloating2": {
        "acceleration_max": [
            [
                1.0,
                -1.0,
                1.0
            ]
        ],
        "acceleration_min": [
            [
                -1.0,
                -1.0,
                -1.0
            ]
        ],
        "color_max": [
            [
                0.0470588244497776,
                0.04313725605607033,
                0.04313725605607033,
                0.6274510025978088
            ]
        ],
        "color_min": [
            [
                0.0470588244497776,
                0.03921568766236305,
                0.0470588244497776,
                0.6274510025978088
            ]
        ],
        "countPerEmit": [
            20
        ],
        "direction_max": [
            [
                0.10000000149011612,
                -1.0,
                0.10000000149011612
            ]
        ],
        "direction_min": [
            [
                -0.10000000149011612,
                -1.0,
                -0.10000000149011612
            ]
        ],
        "emitPerSec": [
            3
        ],
        "fadeAlpha": [
            2577006593
        ],
        "fadeStartRatio": [
            0.30000001192092896
        ],
        "lifeTime_max": [
            1.0
        ],
        "lifeTime_min": [
            1.0
        ],
        "maxParticles": [
            264
        ],
        "offset": [
            [
                -3.2899999618530273,
                0.0,
                1.3899999856948853
            ]
        ],
        "position": [
            [
                5.247738361358643,
                0.4890749454498291,
                -27.134950637817383
            ]
        ],
        "radius": [
            0.15000000596046448
        ],
        "randomColor": [
            0
        ],
        "rotate": [
            [
                0.0,
                0.0,
                0.0
            ]
        ],
        "rotate_max": [
            [
                0.0,
                0.0,
                0.0
            ]
        ],
        "rotate_min": [
            [
                0.0,
                0.0,
                0.0
            ]
        ],
        "shape": [
            1
        ],
        "size": [
            [
                0.0,
                0.0,
                0.0
            ]
        ],
        "size_max": [
            [
                1.5,
                1.5,
                1.5
            ]
        ],
        "size_min": [
            [
                1.0,
                1.0,
                1.0
            ]
        ],
        "spped_max": [
            2.0
        ],
        "spped_min": [
            1.0
        ]
    }
}