{
    "enemyFloating0": {
        "acceleration_max": [
            [
                1.0,
                -1.0,
                1.0
            ]
        ],
        "acceleration_min": [
            [
                -1.0,
                -1.0,
                -1.0
            ]
        ],
        "changeColor": [
            0
        ],
        "changeSize": [
            1
        ],
        "color_max": [
            [
                0.0470588244497776,
                0.04313725605607033,
                0.04313725605607033,
                0.6274510025978088
            ]
        ],
        "color_min": [
            [
                0.0470588244497776,
                0.03921568766236305,
                0.0470588244497776,
                0.6274510025978088
            ]
        ],
        "countPerEmit": [
            20
        ],
        "direction": [
            2
        ],
        "direction_max": [
            [
                0.0,
                -1.0,
                0.0
            ]
        ],
        "direction_min": [
            [
                0.0,
                -1.0,
                0.0
            ]
        ],
        "emitPerSec": [
            3
        ],
        "emitRepeatCount": [
            0
        ],
        "fadeAlpha": [
            257
        ],
        "fadeStartRatio": [
            0.6000000238418579
        ],
        "lifeTime_max": [
            1.0
        ],
        "lifeTime_min": [
            1.0
        ],
        "loop": [
            65793
        ],
        "maxParticles": [
            264
        ],
        "offset": [
            [
                0.10000000149011612,
                -0.07999999821186066,
                -3.1500000953674316
            ]
        ],
        "position": [
            [
                3.430149793624878,
                -0.23448239266872406,
                -6.602695465087891
            ]
        ],
        "radius": [
            0.15000000596046448
        ],
        "randomColor": [
            0
        ],
        "rotate": [
            [
                0.0,
                0.0,
                0.0
            ]
        ],
        "rotate_max": [
            [
                0.0,
                0.0,
                0.0
            ]
        ],
        "rotate_min": [
            [
                0.0,
                0.0,
                0.0
            ]
        ],
        "shape": [
            1
        ],
        "size": [
            [
                0.0,
                0.0,
                0.0
            ]
        ],
        "size_max": [
            [
                1.5,
                1.5,
                1.5
            ]
        ],
        "size_min": [
            [
                1.0,
                1.0,
                1.0
            ]
        ],
        "spped_max": [
            2.0
        ],
        "spped_min": [
            1.0
        ]
    }
}