{
    "enemy": {
        "damageCoolTimeMax": [
            0.30000001192092896
        ],
        "defaultColor": [
            [
                1.0,
                1.0,
                1.0,
                1.0
            ]
        ],
        "hitColor": [
            [
                1.0,
                0.5196078419685364,
                0.5196078419685364,
                1.0
            ]
        ],
        "hitColorMaxTime": [
            0.30000001192092896
        ]
    }
}