{
    "followCamera": {
        "offset": [
            [
                0.0,
                20.760000228881836,
                -56.34000015258789
            ]
        ],
        "rotate": [
            [
                0.18000000715255737,
                0.0,
                0.0
            ]
        ]
    }
}