{
    "followCamera": {
        "offset": [
            [
                0.0,
                20.760000228881836,
                -56.34000015258789
            ]
        ],
        "rotate": [
            [
                0.18000054359436035,
                0.06443332135677338,
                0.0
            ]
        ]
    }
}