{
    "followCamera": {
        "attackTranslate_": [
            [
                0.0,
                220.0,
                -120.0
            ]
        ],
        "offset": [
            [
                0.0,
                20.760000228881836,
                -56.34000015258789
            ]
        ],
        "rotate": [
            [
                0.1800166368484497,
                0.0,
                0.0
            ]
        ]
    }
}