{
    "HitParticle": {
        "acceleration_max": [
            [
                0.0,
                0.0,
                0.0
            ]
        ],
        "acceleration_min": [
            [
                0.0,
                0.0,
                0.0
            ]
        ],
        "color_max": [
            [
                0.9509803652763367,
                0.4811115264892578,
                0.2563917636871338,
                1.0
            ]
        ],
        "color_min": [
            [
                0.8970588445663452,
                0.4314573407173157,
                0.2374567687511444,
                1.0
            ]
        ],
        "countPerEmit": [
            5
        ],
        "direction_max": [
            [
                1.0,
                1.0,
                1.0
            ]
        ],
        "direction_min": [
            [
                -1.0,
                -1.0,
                -1.0
            ]
        ],
        "emitPerSec": [
            0
        ],
        "fadeAlpha": [
            0
        ],
        "fadeStartRatio": [
            0.0
        ],
        "lifeTime_max": [
            1.0
        ],
        "lifeTime_min": [
            1.0
        ],
        "maxParticles": [
            15
        ],
        "offset": [
            [
                0.0,
                4.0,
                0.0
            ]
        ],
        "position": [
            [
                11.210373878479004,
                4.5,
                -39.30497360229492
            ]
        ],
        "radius": [
            0.0
        ],
        "rotate": [
            [
                0.0,
                0.0,
                0.0
            ]
        ],
        "rotate_max": [
            [
                0.0,
                0.0,
                0.0
            ]
        ],
        "rotate_min": [
            [
                0.0,
                0.0,
                0.0
            ]
        ],
        "shape": [
            0
        ],
        "size": [
            [
                2.0,
                2.0,
                2.0
            ]
        ],
        "size_max": [
            [
                0.5,
                0.5,
                0.5
            ]
        ],
        "size_min": [
            [
                0.20000000298023224,
                0.20000000298023224,
                0.20000000298023224
            ]
        ],
        "spped_max": [
            1.0
        ],
        "spped_min": [
            0.05999999865889549
        ]
    }
}