{
    "Model": {
        "Position": [
            [
                -2.4000000953674316,
                0.699999988079071,
                1.600000023841858
            ]
        ],
        "rotate": [
            [
                2.0999999046325684,
                1.5,
                0.0
            ]
        ],
        "scale": [
            [
                31.899999618530273,
                1.7999999523162842,
                1.0
            ]
        ]
    }
}