{
    "normalAttackShot1_": {
        "ArmGrowthToSpinDelay": [
            120.0
        ],
        "MaxRotateSpeed": [
            0.5799999833106995
        ],
        "MinRotateSpeed": [
            0.009999999776482582
        ],
        "SpinTime": [
            30.0
        ],
        "StoppingTime": [
            20.0
        ],
        "cooldownTime": [
            60.0
        ],
        "speed": [
            0.30000001192092896
        ]
    }
}