{
    "Player": {
        "AttackRecastTime": [
            8
        ],
        "defaultColor": [
            [
                1.0,
                1.0,
                1.0,
                1.0
            ]
        ],
        "hitColor": [
            [
                1.0,
                0.0,
                0.0,
                1.0
            ]
        ],
        "hitColorDuration": [
            0.30000001192092896
        ],
        "speed": [
            0.44999998807907104
        ],
        "tileMotionDuration": [
            0.4000000059604645
        ],
        "tiltMotionRotate": [
            0.2967059910297394
        ],
        "transform": [
            [
                27.481090545654297,
                0.0,
                1.8510715961456299
            ]
        ]
    }
}