{
    "Player": {
        "AttackRecastTime": [
            30
        ],
        "defaultColor": [
            [
                1.0,
                1.0,
                1.0,
                1.0
            ]
        ],
        "hitColor": [
            [
                1.0,
                0.0,
                0.0,
                1.0
            ]
        ],
        "hitColorDuration": [
            0.10000000149011612
        ],
        "speed": [
            0.44999998807907104
        ],
        "tileMotionDuration": [
            0.4000000059604645
        ],
        "tiltMotionRotate": [
            0.2967059910297394
        ]
    }
}