{
    "Player": {
        "speed": [
            0.5600000023841858
        ],
        "tiltMotionRotate": [
            0.15000000596046448
        ]
    }
}