{
    "PlayerDust": {
        "acceleration_max": [
            [
                0.0,
                0.0,
                0.0
            ]
        ],
        "acceleration_min": [
            [
                0.0,
                0.0,
                0.0
            ]
        ],
        "color_max": [
            [
                0.7019608020782471,
                0.2549019753932953,
                0.04313725605607033,
                1.0
            ]
        ],
        "color_min": [
            [
                0.7009804248809814,
                0.25468140840530396,
                0.04123413935303688,
                1.0
            ]
        ],
        "countPerEmit": [
            4
        ],
        "direction_max": [
            [
                0.0,
                0.0,
                0.0
            ]
        ],
        "direction_min": [
            [
                0.0,
                0.0,
                0.0
            ]
        ],
        "emitPerSec": [
            10
        ],
        "lifeTime_max": [
            1.0
        ],
        "lifeTime_min": [
            0.6000000238418579
        ],
        "maxParticles": [
            0
        ],
        "radius": [
            0.0
        ],
        "randomColor": [
            0
        ],
        "rotate_max": [
            [
                0.0,
                0.0,
                0.0
            ]
        ],
        "rotate_min": [
            [
                0.0,
                0.0,
                0.0
            ]
        ],
        "shape": [
            0
        ],
        "size": [
            [
                1.0,
                1.0,
                1.0
            ]
        ],
        "size_max": [
            [
                1.0,
                1.0,
                1.0
            ]
        ],
        "size_min": [
            [
                1.0,
                1.0,
                1.0
            ]
        ],
        "speed_max": [
            0.032999999821186066
        ],
        "speed_min": [
            0.009999999776482582
        ]
    }
}