{
    "Player": {
        "AttackRecastTime": [
            8
        ],
        "defaultColor": [
            [
                1.0,
                1.0,
                1.0,
                1.0
            ]
        ],
        "hitColor": [
            [
                1.0,
                0.0,
                0.0,
                1.0
            ]
        ],
        "hitColorDuration": [
            0.30000001192092896
        ],
        "speed": [
            0.550000011920929
        ],
        "tileMotionDuration": [
            0.4000000059604645
        ],
        "tiltMotionRotate": [
            0.2967059910297394
        ],
        "transform": [
            [

                -0.3176965117454529,
                0.0,
                -35.664276123046875
            ]
        ]
    }
}