{
    "Player": {
        "speed": [
            0.44999998807907104
        ],
        "tileMotionDuration": [
            0.4000000059604645
        ],
        "tiltMotionRotate": [
            0.2967059910297394
        ]
    }
}