{
    "PlayerDust": {
        "acceleration_max": [
            [
                0.0,
                0.0,
                0.0
            ]
        ],
        "acceleration_min": [
            [
                0.0,
                0.0,
                0.0
            ]
        ],
        "changeColor": [
            65536
        ],
        "changeSize": [
            16777217
        ],
        "color_max": [
            [
                0.22549021244049072,
                0.11898241192102432,
                0.0685313418507576,
                0.5098039507865906
            ]
        ],
        "color_min": [
            [
                0.20588237047195435,
                0.10893000662326813,
                0.06358131766319275,
                0.545098066329956
            ]
        ],
        "countPerEmit": [
            4
        ],
        "direction": [
            2
        ],
        "direction_max": [
            [
                0.0,
                0.0,
                0.0
            ]
        ],
        "direction_min": [
            [
                0.0,
                0.0,
                0.0
            ]
        ],
        "emitPerSec": [
            10
        ],
        "emitRepeatCount": [
            0
        ],
        "fadeAlpha": [
            256
        ],
        "fadeStartRatio": [
            0.30000001192092896
        ],
        "lifeTime_max": [
            1.0
        ],
        "lifeTime_min": [
            0.6000000238418579
        ],
        "loop": [
            65537
        ],
        "maxParticles": [
            0
        ],
        "offset": [
            [
                0.0,
                0.0,
                0.0
            ]
        ],
        "radius": [
            0.0
        ],
        "randomColor": [
            0
        ],
        "rotate_max": [
            [
                0.0,
                0.0,
                0.0
            ]
        ],
        "rotate_min": [
            [
                0.0,
                0.0,
                0.0
            ]
        ],
        "shape": [
            0
        ],
        "size": [
            [
                1.0,
                1.0,
                1.0
            ]
        ],
        "size_max": [
            [
                1.0,
                1.0,
                1.0
            ]
        ],
        "size_min": [
            [
                1.0,
                1.0,
                1.0
            ]
        ],
        "speed_max": [
            0.032999999821186066
        ],
        "speed_min": [
            0.009999999776482582
        ],
        "spped_max": [
            1.0
        ],
        "spped_min": [
            0.0
        ],
        "useBillboard": [
            2583691265
        ]
    }
}