{
    "Player": {
        "AttackRecastTime": [
            8
        ],
        "Attackdamage": [
            1.25
        ],
        "Hp": [
            50
        ],
        "defaultColor": [
            [
                1.0,
                1.0,
                1.0,
                1.0
            ]
        ],
        "hitColor": [
            [
                1.0,
                0.0,
                0.0,
                1.0
            ]
        ],
        "hitColorDuration": [
            0.30000001192092896
        ],
        "speed": [
            0.550000011920929
        ],
        "tileMotionDuration": [
            0.4000000059604645
        ],
        "tiltMotionRotate": [
            0.2967059910297394
        ],
        "transform": [
            [
                -44.34050750732422,
                0.0,
                2.393427610397339
            ]
        ]
    }
}