{
    "Player": {
        "AttackRecastTime": [
            8
        ],
        "Attackdamage": [
            1.0
        ],
        "Hp": [
            100
        ],
        "defaultColor": [
            [
                1.0,
                1.0,
                1.0,
                1.0
            ]
        ],
        "hitColor": [
            [
                1.0,
                0.0,
                0.0,
                1.0
            ]
        ],
        "hitColorDuration": [
            0.30000001192092896
        ],
        "speed": [
            0.550000011920929
        ],
        "tileMotionDuration": [
            0.4000000059604645
        ],
        "tiltMotionRotate": [
            0.2967059910297394
        ],
        "transform": [
            [
                33.41986083984375,
                0.0,
                13.95003890991211
            ]
        ]
    }
}