{
    "Result": {
        "pBaseScale": [
            [
                1.0,
                1.0,
                1.0
            ]
        ],
        "pCurrentTime": [
            92.9720458984375
        ],
        "pScaleRange": [
            [
                0.05000000074505806,
                0.05000000074505806,
                0.05000000074505806
            ]
        ],
        "pScaleSpeed": [
            2.0
        ],
        "pmodelPath": [
            "playerbody/playerbody.obj"
        ],
        "rotate": [
            [
                0.0,
                3.0999999046325684,
                0.0
            ]
        ]
    }
}