{
    "Result": {
        "pBaseScale": [
            [
                1.0,
                1.0,
                1.0
            ]
        ],
        "pCurrentTime": [
            20.099864959716797
        ],
        "pScaleRange": [
            [
                0.10000000149011612,
                0.10000000149011612,
                0.10000000149011612
            ]
        ],
        "pScaleSpeed": [
            2.0
        ],
        "pmodelPath": [
            "playerbody/playerbody.obj"
        ],
        "rotate": [
            [
                0.0,
                3.0999999046325684,
                0.0
            ]
        ]
    }
}