{
    "Result": {
        "eBaseScale": [
            [
                1.0,
                1.0,
                1.0
            ]
        ],
        "eCurrentTime": [
            114.99341583251953
        ],
        "eScaleRange": [
            [
                0.009999999776482582,
                0.05000000074505806,
                0.009999999776482582
            ]
        ],
        "eScaleSpeed": [
            1.9800000190734863
        ],
        "erotate": [
            [
                0.0,
                3.200000047683716,
                0.0
            ]
        ],
        "pBaseScale": [
            [
                -1.9983971555381084e+18,
                -1.9983971555381084e+18,
                -1.9983971555381084e+18
            ]
        ],
        "pCurrentTime": [
            -1.9983971555381084e+18
        ],
        "pScaleRange": [
            [
                -1.9983971555381084e+18,
                -1.9983971555381084e+18,
                -1.9983971555381084e+18
            ]
        ],
        "pScaleSpeed": [
            -1.9983971555381084e+18
        ],
        "pmodelPath": [
            "playerbody/playerbody.obj"
        ],
        "protate": [
            [
                -1.9983971555381084e+18,
                -1.9983971555381084e+18,
                -1.9983971555381084e+18
            ]
        ],
        "rotate": [
            [
                0.0,
                3.0999999046325684,
                0.0
            ]
        ]
    }
}