{
    "thrust2": {
        "acceleration_max": [
            [
                0.0,
                0.0,
                0.0
            ]
        ],
        "acceleration_min": [
            [
                0.0,
                0.0,
                0.0
            ]
        ],
        "changeColor": [
            0
        ],
        "changeSize": [
            1
        ],
        "color_max": [
            [
                0.6813725233078003,
                1.0,
                0.9812572002410889,
                1.0
            ]
        ],
        "color_min": [
            [
                0.6813725233078003,
                1.0,
                0.9625144004821777,
                1.0
            ]
        ],
        "countPerEmit": [
            1
        ],
        "direction": [
            2
        ],
        "direction_max": [
            [
                0.0,
                0.0,
                0.0
            ]
        ],
        "direction_min": [
            [
                0.0,
                0.0,
                0.0
            ]
        ],
        "emitPerSec": [
            167
        ],
        "emitRepeatCount": [
            1
        ],
        "fadeAlpha": [
            257
        ],
        "fadeStartRatio": [
            0.0
        ],
        "lifeTime_max": [
            0.10000000149011612
        ],
        "lifeTime_min": [
            0.09000000357627869
        ],
        "loop": [
            65792
        ],
        "maxParticles": [
            1
        ],
        "offset": [
            [
                0.0,
                2.0,
                0.0
            ]
        ],
        "radius": [
            0.0
        ],
        "rotate_max": [
            [
                0.0,
                0.0,
                0.0
            ]
        ],
        "rotate_min": [
            [
                0.0,
                0.0,
                0.0
            ]
        ],
        "shape": [
            1
        ],
        "size": [
            [
                0.0,
                0.0,
                0.0
            ]
        ],
        "size_max": [
            [
                2.0,
                2.0,
                2.0
            ]
        ],
        "size_min": [
            [
                0.10000000149011612,
                0.10000000149011612,
                0.10000000149011612
            ]
        ],
        "spped_max": [
            1.0
        ],
        "spped_min": [
            0.0
        ],
        "useBillboard": [
            0
        ]
    }
}