{
    "Title": {
        "TextTexture": [
            "titlePush.png"
        ],
        "UITextTexture": [
            "titlePush.png"
        ],
        "UIcolor": [
            [
                1.0,
                1.0,
                1.0,
                1.0
            ]
        ],
        "UIpos": [
            [
                656.0,
                580.0
            ]
        ],
        "UIrotate": [
            0.0
        ],
        "UIscale": [
            [
                2.0,
                1.0
            ]
        ],
        "UItitleModel": [
            "title/Title.obj"
        ],
        "backGroundTexturePath": [
            "white.png"
        ],
        "color": [
            [
                1.0,
                1.0,
                1.0,
                1.0
            ]
        ],
        "ebasePos_": [
            [
                10.649999618530273,
                -2.009999990463257,
                0.0
            ]
        ],
        "erange": [
            0.47999998927116394
        ],
        "erotate": [
            [
                0.15000000596046448,
                3.6600000858306885,
                -0.03999999910593033
            ]
        ],
        "escale": [
            [
                1.0,
                1.0,
                1.0
            ]
        ],
        "espeed": [
            0.8600000143051147
        ],
        "pbasePos_": [
            [
                -10.75,
                -8.3100004196167,
                0.0
            ]
        ],
        "pos": [
            [
                655.0,
                473.0
            ]
        ],
        "prange": [
            0.3799999952316284
        ],
        "protate": [
            [
                -0.15000000596046448,
                2.7699999809265137,
                0.2199999988079071
            ]
        ],
        "pscale": [
            [
                2.0,
                2.0,
                2.0
            ]
        ],
        "pspeed": [
            1.5
        ],
        "rotate": [
            0.0
        ],
        "scale": [
            [
                0.8799999952316284,
                0.699999988079071
            ]
        ],
        "titleModel": [
            "title/Title.obj"
        ],
        "titlePos": [
            [
                0.3400000035762787,
                3.819999933242798,
                -7.5
            ]
        ],
        "titleRotate": [
            [
                0.25,
                0.0,
                0.0
            ]
        ],
        "titleScale": [
            [
                2.200000047683716,
                2.200000047683716,
                2.200000047683716
            ]
        ]
    }
}