{
    "TitleEnemy": {
        "basePos_": [
            [
                8.329999923706055,
                -1.9199999570846558,
                0.0
            ]
        ],
        "range": [
            1.190000057220459
        ],
        "rotate": [
            [
                0.0,
                3.740000009536743,
                -0.09000000357627869
            ]
        ],
        "scale": [
            [
                1.0,
                1.0,
                1.0
            ]
        ],
        "speed": [
            0.8600000143051147
        ]
    }
}