{
    "TitlePlayer": {
        "basePos_": [
            [
                -8.760000228881836,
                0.0,
                0.0
            ]
        ],
        "range": [
            1.2999999523162842
        ],
        "rotate": [
            [
                0.0,
                2.619999885559082,
                0.07999999821186066
            ]
        ],
        "scale": [
            [
                1.0,
                1.0,
                1.0
            ]
        ],
        "speed": [
            2.0
        ]
    }
}