{
    "Title": {
        "TextTexture": [
            "titlePush.png"
        ],
        "UITextTexture": [
            "cube.jpg"
        ],
        "UIcolor": [
            [
                1.0,
                1.0,
                1.0,
                1.0
            ]
        ],
        "UIpos": [
            [
                656.0,
                580.0
            ]
        ],
        "UIrotate": [
            0.0
        ],
        "UIscale": [
            [
                2.0,
                1.0
            ]
        ],
        "UItitleModel": [
            "cube/cube.obj"
        ],
        "backGroundTexturePath": [
            "white.png"
        ],
        "color": [
            [
                1.0,
                1.0,
                1.0,
                1.0
            ]
        ],
        "ebasePos_": [
            [
                8.329999923706055,
                -1.7100000381469727,
                0.0
            ]
        ],
        "erange": [
            0.47999998927116394
        ],
        "erotate": [
            [
                0.15000000596046448,
                3.6600000858306885,
                -0.03999999910593033
            ]
        ],
        "escale": [
            [
                1.0,
                1.0,
                1.0
            ]
        ],
        "espeed": [
            0.8600000143051147
        ],
        "pbasePos_": [
            [
                -10.670000076293945,
                -9.079999923706055,
                0.0
            ]
        ],
        "pos": [
            [
                655.0,
                473.0
            ]
        ],
        "prange": [
            0.3799999952316284
        ],
        "protate": [
            [
                -0.07000000029802322,
                2.759999990463257,
                0.09000000357627869
            ]
        ],
        "pscale": [
            [
                2.0,
                2.0,
                2.0
            ]
        ],
        "pspeed": [
            1.5
        ],
        "rotate": [
            0.0
        ],
        "scale": [
            [
                0.8799999952316284,
                0.699999988079071
            ]
        ],
        "titleModel": [
            "title/Title.obj"
        ],
        "titlePos": [
            [
                -0.8700000047683716,
                0.0,
                10.59000015258789
            ]
        ],
        "titleRotate": [
            [
                0.0,
                0.0,
                0.0
            ]
        ],
        "titleScale": [
            [
                1.0,
                1.0,
                1.0
            ]
        ]
    }
}