{
    "TitleEnemy": {
        "basePos_": [
            [
                8.329999923706055,
                -1.7100000381469727,
                0.0
            ]
        ],
        "range": [
            1.190000057220459
        ],
        "rotate": [
            [
                0.15000000596046448,
                3.6600000858306885,
                -0.03999999910593033
            ]
        ],
        "scale": [
            [
                1.0,
                1.0,
                1.0
            ]
        ],
        "speed": [
            0.8600000143051147
        ]
    }
}