{
    "TitlePlayer": {
        "basePos_": [
            [
                -10.670000076293945,
                -9.079999923706055,
                0.0
            ]
        ],
        "range": [
            1.2999999523162842
        ],
        "rotate": [
            [
                -0.07000000029802322,
                2.759999990463257,
                0.09000000357627869
            ]
        ],
        "scale": [
            [
                2.0,
                2.0,
                2.0
            ]
        ],
        "speed": [
            2.0
        ]
    }
}