{
    "Title": {
        "TextTexture": [
            "cube.jpg"
        ],
        "UITextTexture": [
            "cube.jpg"
        ],
        "UIcolor": [
            [
                1.0,
                1.0,
                1.0,
                1.0
            ]
        ],
        "UIpos": [
            [
                656.0,
                588.0
            ]
        ],
        "UIrotate": [
            0.0
        ],
        "UIscale": [
            [
                0.9200000166893005,
                0.44999998807907104
            ]
        ],
        "UItitleModel": [
            "cube/cube.obj"
        ],
        "backGroundTexturePath": [
            "white.png"
        ],
        "color": [
            [
                1.0,
                1.0,
                1.0,
                1.0
            ]
        ],
        "ebasePos_": [
            [
                8.329999923706055,
                -1.9199999570846558,
                0.0
            ]
        ],
        "erange": [
            0.47999998927116394
        ],
        "erotate": [
            [
                0.0,
                3.740000009536743,
                -0.09000000357627869
            ]
        ],
        "escale": [
            [
                1.0,
                1.0,
                1.0
            ]
        ],
        "espeed": [
            0.8600000143051147
        ],
        "pbasePos_": [
            [
                -8.760000228881836,
                0.0,
                0.0
            ]
        ],
        "pos": [
            [
                655.0,
                473.0
            ]
        ],
        "prange": [
            0.3799999952316284
        ],
        "protate": [
            [
                0.0,
                2.619999885559082,
                0.07999999821186066
            ]
        ],
        "pscale": [
            [
                1.0,
                1.0,
                1.0
            ]
        ],
        "pspeed": [
            1.5
        ],
        "rotate": [
            0.0
        ],
        "scale": [
            [
                0.8799999952316284,
                0.699999988079071
            ]
        ],
        "titleModel": [
            "playerbody/playerbody.obj"
        ]
    }
}