{
    "weaponHitParticle": {
        "acceleration_max": [
            [
                2.740000009536743,
                0.0,
                3.4600000381469727
            ]
        ],
        "acceleration_min": [
            [
                -1.3600000143051147,
                0.0,
                -2.5
            ]
        ],
        "changeColor": [
            0
        ],
        "changeSize": [
            1
        ],
        "color_max": [
            [
                1.0,
                0.504296064376831,
                0.2647058963775635,
                0.7843137383460999
            ]
        ],
        "color_min": [
            [
                1.0,
                0.5274289846420288,
                0.29901963472366333,
                0.7843137383460999
            ]
        ],
        "countPerEmit": [
            13
        ],
        "direction": [
            1
        ],
        "direction_max": [
            [
                1.0,
                1.0,
                1.0
            ]
        ],
        "direction_min": [
            [
                -1.0,
                -1.0,
                -1.0
            ]
        ],
        "emitPerSec": [
            60
        ],
        "emitRepeatCount": [
            1
        ],
        "fadeAlpha": [
            256
        ],
        "fadeStartRatio": [
            1.0
        ],
        "lifeTime_max": [
            0.3199999928474426
        ],
        "lifeTime_min": [
            0.3199999928474426
        ],
        "loop": [
            65536
        ],
        "maxParticles": [
            15
        ],
        "offset": [
            [
                0.0,
                10.0,
                0.0
            ]
        ],
        "radius": [
            0.0
        ],
        "rotate_max": [
            [
                0.0,
                0.0,
                0.0
            ]
        ],
        "rotate_min": [
            [
                0.0,
                0.0,
                0.0
            ]
        ],
        "shape": [
            0
        ],
        "size": [
            [
                1.0,
                1.0,
                1.0
            ]
        ],
        "size_max": [
            [
                0.3499999940395355,
                0.3499999940395355,
                0.3499999940395355
            ]
        ],
        "size_min": [
            [
                0.10000000149011612,
                0.10000000149011612,
                0.10000000149011612
            ]
        ],
        "spped_max": [
            5.449999809265137
        ],
        "spped_min": [
            4.820000171661377
        ]
    }
}